{
  "train_loss": [
    0.7457206626460977,
    0.7202057371400807,
    0.7188156545978703,
    0.7139043803084386,
    0.7066894105035965,
    0.7011811780602965,
    0.7023450665277977,
    0.6990407003115301,
    0.6933972107221003,
    0.6979532908086907,
    0.6923732408105511
  ],
  "train_acc": [
    0.4575342465753425,
    0.547945205479452,
    0.5602739726027397,
    0.5643835616438356,
    0.5041095890410959,
    0.5863013698630137,
    0.5684931506849316,
    0.673972602739726,
    0.6726027397260274,
    0.6150684931506849,
    0.6410958904109589
  ],
  "val_loss": [
    0.6018934387050263,
    0.6450990763429093,
    1.3251643758930571,
    0.6558612442996404,
    0.640166033784004,
    0.7409566807420287,
    0.6975815895485551,
    0.8052702717585106,
    0.6455837507770487,
    0.6622249802497968,
    0.7054117713889031
  ],
  "val_acc": [
    0.7356164383561644,
    0.6123287671232877,
    0.4958904109589041,
    0.6301369863013698,
    0.7273972602739726,
    0.43424657534246575,
    0.6205479452054794,
    0.31095890410958904,
    0.7136986301369863,
    0.6808219178082192,
    0.6287671232876713
  ]
}